[
    {
        "name": "Andorra",
        "official_name": "Principality of Andorra",
        "native_name": "Andorra",
        "native_official_name": "Principat d'Andorra",
        "iso_3166_1_alpha2": "AD",
        "iso_3166_1_alpha3": "AND",
        "calling_code": "376",
        "currency": "EUR",
        "emoji": "🇦🇩",
        "ar_name": "أندورا"
    },
    {
        "name": "United Arab Emirates",
        "official_name": "United Arab Emirates",
        "native_name": "دولة الإمارات العربية المتحدة",
        "native_official_name": "الإمارات العربية المتحدة",
        "iso_3166_1_alpha2": "AE",
        "iso_3166_1_alpha3": "ARE",
        "calling_code": "971",
        "currency": "AED",
        "emoji": "🇦🇪",
        "ar_name": "الإمارات العربية المتحدة"
    },
    {
        "name": "Afghanistan",
        "official_name": "Islamic Republic of Afghanistan",
        "native_name": "افغانستان",
        "native_official_name": "جمهوری اسلامی افغانستان",
        "iso_3166_1_alpha2": "AF",
        "iso_3166_1_alpha3": "AFG",
        "calling_code": "93",
        "currency": "AFN",
        "emoji": "🇦🇫",
        "ar_name": "أفغانستان"
    },
    {
        "name": "Antigua and Barbuda",
        "official_name": "Antigua and Barbuda",
        "native_name": "Antigua and Barbuda",
        "native_official_name": "Antigua and Barbuda",
        "iso_3166_1_alpha2": "AG",
        "iso_3166_1_alpha3": "ATG",
        "calling_code": "1268",
        "currency": "XCD",
        "emoji": "🇦🇬",
        "ar_name": "أنتيغوا وبربودا"
    },
    {
        "name": "Anguilla",
        "official_name": "Anguilla",
        "native_name": "Anguilla",
        "native_official_name": "Anguilla",
        "iso_3166_1_alpha2": "AI",
        "iso_3166_1_alpha3": "AIA",
        "calling_code": "1264",
        "currency": "XCD",
        "emoji": "🇦🇮",
        "ar_name": "أنغويلا"
    },
    {
        "name": "Albania",
        "official_name": "Republic of Albania",
        "native_name": "Shqipëria",
        "native_official_name": "Republika e Shqipërisë",
        "iso_3166_1_alpha2": "AL",
        "iso_3166_1_alpha3": "ALB",
        "calling_code": "355",
        "currency": "ALL",
        "emoji": "🇦🇱",
        "ar_name": "ألبانيا"
    },
    {
        "name": "Armenia",
        "official_name": "Republic of Armenia",
        "native_name": "Հայաստան",
        "native_official_name": "Հայաստանի Հանրապետություն",
        "iso_3166_1_alpha2": "AM",
        "iso_3166_1_alpha3": "ARM",
        "calling_code": "374",
        "currency": "AMD",
        "emoji": "🇦🇲",
        "ar_name": "أرمينيا"
    },
    {
        "name": "Angola",
        "official_name": "Republic of Angola",
        "native_name": "Angola",
        "native_official_name": "República de Angola",
        "iso_3166_1_alpha2": "AO",
        "iso_3166_1_alpha3": "AGO",
        "calling_code": "244",
        "currency": "AOA",
        "emoji": "🇦🇴",
        "ar_name": "أنغولا"
    },
    {
        "name": "Antarctica",
        "official_name": "Antarctica",
        "native_name": "Antarctica",
        "native_official_name": "Antarctica",
        "iso_3166_1_alpha2": "AQ",
        "iso_3166_1_alpha3": "ATA",
        "calling_code": false,
        "currency": false,
        "emoji": "🇦🇶",
        "ar_name": "القطب الجنوبي"
    },
    {
        "name": "Argentina",
        "official_name": "Argentine Republic",
        "native_name": "Argentina",
        "native_official_name": "Argentine Republic",
        "iso_3166_1_alpha2": "AR",
        "iso_3166_1_alpha3": "ARG",
        "calling_code": "54",
        "currency": "ARS",
        "emoji": "🇦🇷",
        "ar_name": "الأرجنتين"
    },
    {
        "name": "American Samoa",
        "official_name": "American Samoa",
        "native_name": "American Samoa",
        "native_official_name": "American Samoa",
        "iso_3166_1_alpha2": "AS",
        "iso_3166_1_alpha3": "ASM",
        "calling_code": "1684",
        "currency": "USD",
        "emoji": "🇦🇸",
        "ar_name": "ساموا الأمريكية"
    },
    {
        "name": "Austria",
        "official_name": "Republic of Austria",
        "native_name": "Österreich",
        "native_official_name": "Republik Österreich",
        "iso_3166_1_alpha2": "AT",
        "iso_3166_1_alpha3": "AUT",
        "calling_code": "43",
        "currency": "EUR",
        "emoji": "🇦🇹",
        "ar_name": "النمسا"
    },
    {
        "name": "Australia",
        "official_name": "Commonwealth of Australia",
        "native_name": "Australia",
        "native_official_name": "Commonwealth of Australia",
        "iso_3166_1_alpha2": "AU",
        "iso_3166_1_alpha3": "AUS",
        "calling_code": "61",
        "currency": "AUD",
        "emoji": "🇦🇺",
        "ar_name": "أستراليا"
    },
    {
        "name": "Aruba",
        "official_name": "Aruba",
        "native_name": "Aruba",
        "native_official_name": "Aruba",
        "iso_3166_1_alpha2": "AW",
        "iso_3166_1_alpha3": "ABW",
        "calling_code": "297",
        "currency": "AWG",
        "emoji": "🇦🇼",
        "ar_name": "آروبا"
    },
    {
        "name": "Åland Islands",
        "official_name": "Åland Islands",
        "native_name": "Åland",
        "native_official_name": "Landskapet Åland",
        "iso_3166_1_alpha2": "AX",
        "iso_3166_1_alpha3": "ALA",
        "calling_code": "358",
        "currency": "EUR",
        "emoji": "🇦🇽",
        "ar_name": "جزر أولان"
    },
    {
        "name": "Azerbaijan",
        "official_name": "Republic of Azerbaijan",
        "native_name": "Azərbaycan",
        "native_official_name": "Azərbaycan Respublikası",
        "iso_3166_1_alpha2": "AZ",
        "iso_3166_1_alpha3": "AZE",
        "calling_code": "994",
        "currency": "AZN",
        "emoji": "🇦🇿",
        "ar_name": "أذربيجان"
    },
    {
        "name": "Bosnia and Herzegovina",
        "official_name": "Bosnia and Herzegovina",
        "native_name": "Bosna i Hercegovina",
        "native_official_name": "Bosna i Hercegovina",
        "iso_3166_1_alpha2": "BA",
        "iso_3166_1_alpha3": "BIH",
        "calling_code": "387",
        "currency": "BAM",
        "emoji": "🇧🇦",
        "ar_name": "البوسنة والهرسك"
    },
    {
        "name": "Barbados",
        "official_name": "Barbados",
        "native_name": "Barbados",
        "native_official_name": "Barbados",
        "iso_3166_1_alpha2": "BB",
        "iso_3166_1_alpha3": "BRB",
        "calling_code": "1246",
        "currency": "BBD",
        "emoji": "🇧🇧",
        "ar_name": "بربادوس"
    },
    {
        "name": "Bangladesh",
        "official_name": "People's Republic of Bangladesh",
        "native_name": "বাংলাদেশ",
        "native_official_name": "বাংলাদেশ গণপ্রজাতন্ত্রী",
        "iso_3166_1_alpha2": "BD",
        "iso_3166_1_alpha3": "BGD",
        "calling_code": "880",
        "currency": "BDT",
        "emoji": "🇧🇩",
        "ar_name": "بنجلاديش"
    },
    {
        "name": "Belgium",
        "official_name": "Kingdom of Belgium",
        "native_name": "Belgien",
        "native_official_name": "Königreich Belgien",
        "iso_3166_1_alpha2": "BE",
        "iso_3166_1_alpha3": "BEL",
        "calling_code": "32",
        "currency": "EUR",
        "emoji": "🇧🇪",
        "ar_name": "بلجيكا"
    },
    {
        "name": "Burkina Faso",
        "official_name": "Burkina Faso",
        "native_name": "Burkina Faso",
        "native_official_name": "République du Burkina",
        "iso_3166_1_alpha2": "BF",
        "iso_3166_1_alpha3": "BFA",
        "calling_code": "226",
        "currency": "XOF",
        "emoji": "🇧🇫",
        "ar_name": "بوركينا فاسو"
    },
    {
        "name": "Bulgaria",
        "official_name": "Republic of Bulgaria",
        "native_name": "България",
        "native_official_name": "Република България",
        "iso_3166_1_alpha2": "BG",
        "iso_3166_1_alpha3": "BGR",
        "calling_code": "359",
        "currency": "BGN",
        "emoji": "🇧🇬",
        "ar_name": "بلغاريا"
    },
    {
        "name": "Bahrain",
        "official_name": "Kingdom of Bahrain",
        "native_name": "‏البحرين",
        "native_official_name": "مملكة البحرين",
        "iso_3166_1_alpha2": "BH",
        "iso_3166_1_alpha3": "BHR",
        "calling_code": "973",
        "currency": "BHD",
        "emoji": "🇧🇭",
        "ar_name": "البحرين"
    },
    {
        "name": "Burundi",
        "official_name": "Republic of Burundi",
        "native_name": "Burundi",
        "native_official_name": "République du Burundi",
        "iso_3166_1_alpha2": "BI",
        "iso_3166_1_alpha3": "BDI",
        "calling_code": "257",
        "currency": "BIF",
        "emoji": "🇧🇮",
        "ar_name": "بوروندي"
    },
    {
        "name": "Benin",
        "official_name": "Republic of Benin",
        "native_name": "Bénin",
        "native_official_name": "République du Bénin",
        "iso_3166_1_alpha2": "BJ",
        "iso_3166_1_alpha3": "BEN",
        "calling_code": "229",
        "currency": "XOF",
        "emoji": "🇧🇯",
        "ar_name": "بنين"
    },
    {
        "name": "Saint Barthélemy",
        "official_name": "Collectivity of Saint Barthélemy",
        "native_name": "Saint-Barthélemy",
        "native_official_name": "Collectivité de Saint-Barthélemy",
        "iso_3166_1_alpha2": "BL",
        "iso_3166_1_alpha3": "BLM",
        "calling_code": "590",
        "currency": "EUR",
        "emoji": "🇧🇱",
        "ar_name": "Saint Barthélemy"
    },
    {
        "name": "Bermuda",
        "official_name": "Bermuda",
        "native_name": "Bermuda",
        "native_official_name": "Bermuda",
        "iso_3166_1_alpha2": "BM",
        "iso_3166_1_alpha3": "BMU",
        "calling_code": "1441",
        "currency": "BMD",
        "emoji": "🇧🇲",
        "ar_name": "برمودا"
    },
    {
        "name": "Brunei",
        "official_name": "Nation of Brunei, Abode of Peace",
        "native_name": "Negara Brunei Darussalam",
        "native_official_name": "Nation of Brunei, Abode Damai",
        "iso_3166_1_alpha2": "BN",
        "iso_3166_1_alpha3": "BRN",
        "calling_code": "673",
        "currency": "BND",
        "emoji": "🇧🇳",
        "ar_name": "بروناي"
    },
    {
        "name": "Bolivia",
        "official_name": "Plurinational State of Bolivia",
        "native_name": "Wuliwya",
        "native_official_name": "Wuliwya Suyu",
        "iso_3166_1_alpha2": "BO",
        "iso_3166_1_alpha3": "BOL",
        "calling_code": "591",
        "currency": "BOB",
        "emoji": "🇧🇴",
        "ar_name": "بوليفيا"
    },
    {
        "name": "Caribbean Netherlands",
        "official_name": "Bonaire, Sint Eustatius and Saba",
        "native_name": "Besondere Gemeinde (Niederlande)",
        "native_official_name": "Bonaire, Sint Eustatius und Saba",
        "iso_3166_1_alpha2": "BQ",
        "iso_3166_1_alpha3": "BES",
        "calling_code": "599",
        "currency": "USD",
        "emoji": "🇧🇶",
        "ar_name": "Caribbean Netherlands"
    },
    {
        "name": "Brazil",
        "official_name": "Federative Republic of Brazil",
        "native_name": "Brasil",
        "native_official_name": "República Federativa do Brasil",
        "iso_3166_1_alpha2": "BR",
        "iso_3166_1_alpha3": "BRA",
        "calling_code": "55",
        "currency": "BRL",
        "emoji": "🇧🇷",
        "ar_name": "البرازيل"
    },
    {
        "name": "Bahamas",
        "official_name": "Commonwealth of the Bahamas",
        "native_name": "Bahamas",
        "native_official_name": "Commonwealth of the Bahamas",
        "iso_3166_1_alpha2": "BS",
        "iso_3166_1_alpha3": "BHS",
        "calling_code": "1242",
        "currency": "BSD",
        "emoji": "🇧🇸",
        "ar_name": "الباهاما"
    },
    {
        "name": "Bhutan",
        "official_name": "Kingdom of Bhutan",
        "native_name": "འབྲུག་ཡུལ་",
        "native_official_name": "འབྲུག་རྒྱལ་ཁབ་",
        "iso_3166_1_alpha2": "BT",
        "iso_3166_1_alpha3": "BTN",
        "calling_code": "975",
        "currency": "BTN",
        "emoji": "🇧🇹",
        "ar_name": "بوتان"
    },
    {
        "name": "Bouvet Island",
        "official_name": "Bouvet Island",
        "native_name": "Bouvetøya",
        "native_official_name": "Bouvetøya",
        "iso_3166_1_alpha2": "BV",
        "iso_3166_1_alpha3": "BVT",
        "calling_code": false,
        "currency": "NOK",
        "emoji": "🇧🇻",
        "ar_name": "جزيرة بوفيه"
    },
    {
        "name": "Botswana",
        "official_name": "Republic of Botswana",
        "native_name": "Botswana",
        "native_official_name": "Republic of Botswana",
        "iso_3166_1_alpha2": "BW",
        "iso_3166_1_alpha3": "BWA",
        "calling_code": "267",
        "currency": "BWP",
        "emoji": "🇧🇼",
        "ar_name": "بتسوانا"
    },
    {
        "name": "Belarus",
        "official_name": "Republic of Belarus",
        "native_name": "Белару́сь",
        "native_official_name": "Рэспубліка Беларусь",
        "iso_3166_1_alpha2": "BY",
        "iso_3166_1_alpha3": "BLR",
        "calling_code": "375",
        "currency": "BYN",
        "emoji": "🇧🇾",
        "ar_name": "روسيا البيضاء"
    },
    {
        "name": "Belize",
        "official_name": "Belize",
        "native_name": "Belize",
        "native_official_name": "Belize",
        "iso_3166_1_alpha2": "BZ",
        "iso_3166_1_alpha3": "BLZ",
        "calling_code": "501",
        "currency": "BZD",
        "emoji": "🇧🇿",
        "ar_name": "بليز"
    },
    {
        "name": "Canada",
        "official_name": "Canada",
        "native_name": "Canada",
        "native_official_name": "Canada",
        "iso_3166_1_alpha2": "CA",
        "iso_3166_1_alpha3": "CAN",
        "calling_code": "1",
        "currency": "CAD",
        "emoji": "🇨🇦",
        "ar_name": "كندا"
    },
    {
        "name": "Cocos (Keeling) Islands",
        "official_name": "Territory of the Cocos (Keeling) Islands",
        "native_name": "Cocos (Keeling) Islands",
        "native_official_name": "Territory of the Cocos (Keeling) Islands",
        "iso_3166_1_alpha2": "CC",
        "iso_3166_1_alpha3": "CCK",
        "calling_code": "61",
        "currency": "AUD",
        "emoji": "🇨🇨",
        "ar_name": "جزر كوكوس"
    },
    {
        "name": "DR Congo",
        "official_name": "Democratic Republic of the Congo",
        "native_name": "RD Congo",
        "native_official_name": "République démocratique du Congo",
        "iso_3166_1_alpha2": "CD",
        "iso_3166_1_alpha3": "COD",
        "calling_code": "243",
        "currency": "CDF",
        "emoji": "🇨🇩",
        "ar_name": "DR Congo"
    },
    {
        "name": "Central African Republic",
        "official_name": "Central African Republic",
        "native_name": "République centrafricaine",
        "native_official_name": "République centrafricaine",
        "iso_3166_1_alpha2": "CF",
        "iso_3166_1_alpha3": "CAF",
        "calling_code": "236",
        "currency": "XAF",
        "emoji": "🇨🇫",
        "ar_name": "جمهورية أفريقيا الوسطى"
    },
    {
        "name": "Republic of the Congo",
        "official_name": "Republic of the Congo",
        "native_name": "République du Congo",
        "native_official_name": "République du Congo",
        "iso_3166_1_alpha2": "CG",
        "iso_3166_1_alpha3": "COG",
        "calling_code": "242",
        "currency": "XAF",
        "emoji": "🇨🇬",
        "ar_name": "جمهورية الكونغو"
    },
    {
        "name": "Switzerland",
        "official_name": "Swiss Confederation",
        "native_name": "Suisse",
        "native_official_name": "Confédération suisse",
        "iso_3166_1_alpha2": "CH",
        "iso_3166_1_alpha3": "CHE",
        "calling_code": "41",
        "currency": "CHF",
        "emoji": "🇨🇭",
        "ar_name": "سويسرا"
    },
    {
        "name": "Ivory Coast",
        "official_name": "Republic of Côte d'Ivoire",
        "native_name": "Côte d'Ivoire",
        "native_official_name": "République de Côte d'Ivoire",
        "iso_3166_1_alpha2": "CI",
        "iso_3166_1_alpha3": "CIV",
        "calling_code": "225",
        "currency": "XOF",
        "emoji": "🇨🇮",
        "ar_name": "ساحل العاج"
    },
    {
        "name": "Cook Islands",
        "official_name": "Cook Islands",
        "native_name": "Cook Islands",
        "native_official_name": "Cook Islands",
        "iso_3166_1_alpha2": "CK",
        "iso_3166_1_alpha3": "COK",
        "calling_code": "682",
        "currency": "NZD",
        "emoji": "🇨🇰",
        "ar_name": "جزر كوك"
    },
    {
        "name": "Chile",
        "official_name": "Republic of Chile",
        "native_name": "Chile",
        "native_official_name": "República de Chile",
        "iso_3166_1_alpha2": "CL",
        "iso_3166_1_alpha3": "CHL",
        "calling_code": "56",
        "currency": "CLP",
        "emoji": "🇨🇱",
        "ar_name": "شيلي"
    },
    {
        "name": "Cameroon",
        "official_name": "Republic of Cameroon",
        "native_name": "Cameroon",
        "native_official_name": "Republic of Cameroon",
        "iso_3166_1_alpha2": "CM",
        "iso_3166_1_alpha3": "CMR",
        "calling_code": "237",
        "currency": "XAF",
        "emoji": "🇨🇲",
        "ar_name": "الكاميرون"
    },
    {
        "name": "China",
        "official_name": "People's Republic of China",
        "native_name": "中国",
        "native_official_name": "中华人民共和国",
        "iso_3166_1_alpha2": "CN",
        "iso_3166_1_alpha3": "CHN",
        "calling_code": "86",
        "currency": "CNY",
        "emoji": "🇨🇳",
        "ar_name": "الصين"
    },
    {
        "name": "Colombia",
        "official_name": "Republic of Colombia",
        "native_name": "Colombia",
        "native_official_name": "República de Colombia",
        "iso_3166_1_alpha2": "CO",
        "iso_3166_1_alpha3": "COL",
        "calling_code": "57",
        "currency": "COP",
        "emoji": "🇨🇴",
        "ar_name": "كولومبيا"
    },
    {
        "name": "Costa Rica",
        "official_name": "Republic of Costa Rica",
        "native_name": "Costa Rica",
        "native_official_name": "República de Costa Rica",
        "iso_3166_1_alpha2": "CR",
        "iso_3166_1_alpha3": "CRI",
        "calling_code": "506",
        "currency": "CRC",
        "emoji": "🇨🇷",
        "ar_name": "كوستاريكا"
    },
    {
        "name": "Cuba",
        "official_name": "Republic of Cuba",
        "native_name": "Cuba",
        "native_official_name": "República de Cuba",
        "iso_3166_1_alpha2": "CU",
        "iso_3166_1_alpha3": "CUB",
        "calling_code": "53",
        "currency": "CUP",
        "emoji": "🇨🇺",
        "ar_name": "كوبا"
    },
    {
        "name": "Cape Verde",
        "official_name": "Republic of Cabo Verde",
        "native_name": "Cabo Verde",
        "native_official_name": "República de Cabo Verde",
        "iso_3166_1_alpha2": "CV",
        "iso_3166_1_alpha3": "CPV",
        "calling_code": "238",
        "currency": "CVE",
        "emoji": "🇨🇻",
        "ar_name": "الرأس الأخضر"
    },
    {
        "name": "Curaçao",
        "official_name": "Country of Curaçao",
        "native_name": "Curaçao",
        "native_official_name": "Country of Curaçao",
        "iso_3166_1_alpha2": "CW",
        "iso_3166_1_alpha3": "CUW",
        "calling_code": "599",
        "currency": "ANG",
        "emoji": "🇨🇼",
        "ar_name": "Curaçao"
    },
    {
        "name": "Christmas Island",
        "official_name": "Territory of Christmas Island",
        "native_name": "Christmas Island",
        "native_official_name": "Territory of Christmas Island",
        "iso_3166_1_alpha2": "CX",
        "iso_3166_1_alpha3": "CXR",
        "calling_code": "61",
        "currency": "AUD",
        "emoji": "🇨🇽",
        "ar_name": "جزيرة الكريسماس"
    },
    {
        "name": "Cyprus",
        "official_name": "Republic of Cyprus",
        "native_name": "Κύπρος",
        "native_official_name": "Δημοκρατία της Κύπρος",
        "iso_3166_1_alpha2": "CY",
        "iso_3166_1_alpha3": "CYP",
        "calling_code": "357",
        "currency": "EUR",
        "emoji": "🇨🇾",
        "ar_name": "قبرص"
    },
    {
        "name": "Czech Republic",
        "official_name": "Czech Republic",
        "native_name": "Česká republika",
        "native_official_name": "česká republika",
        "iso_3166_1_alpha2": "CZ",
        "iso_3166_1_alpha3": "CZE",
        "calling_code": "420",
        "currency": "CZK",
        "emoji": "🇨🇿",
        "ar_name": "جمهورية التشيك"
    },
    {
        "name": "Germany",
        "official_name": "Federal Republic of Germany",
        "native_name": "Deutschland",
        "native_official_name": "Bundesrepublik Deutschland",
        "iso_3166_1_alpha2": "DE",
        "iso_3166_1_alpha3": "DEU",
        "calling_code": "49",
        "currency": "EUR",
        "emoji": "🇩🇪",
        "ar_name": "ألمانيا"
    },
    {
        "name": "Djibouti",
        "official_name": "Republic of Djibouti",
        "native_name": "جيبوتي‎",
        "native_official_name": "جمهورية جيبوتي",
        "iso_3166_1_alpha2": "DJ",
        "iso_3166_1_alpha3": "DJI",
        "calling_code": "253",
        "currency": "DJF",
        "emoji": "🇩🇯",
        "ar_name": "جيبوتي"
    },
    {
        "name": "Denmark",
        "official_name": "Kingdom of Denmark",
        "native_name": "Danmark",
        "native_official_name": "Kongeriget Danmark",
        "iso_3166_1_alpha2": "DK",
        "iso_3166_1_alpha3": "DNK",
        "calling_code": "45",
        "currency": "DKK",
        "emoji": "🇩🇰",
        "ar_name": "الدانمرك"
    },
    {
        "name": "Dominica",
        "official_name": "Commonwealth of Dominica",
        "native_name": "Dominica",
        "native_official_name": "Commonwealth of Dominica",
        "iso_3166_1_alpha2": "DM",
        "iso_3166_1_alpha3": "DMA",
        "calling_code": "1767",
        "currency": "XCD",
        "emoji": "🇩🇲",
        "ar_name": "دومينيكا"
    },
    {
        "name": "Dominican Republic",
        "official_name": "Dominican Republic",
        "native_name": "República Dominicana",
        "native_official_name": "República Dominicana",
        "iso_3166_1_alpha2": "DO",
        "iso_3166_1_alpha3": "DOM",
        "calling_code": "1809",
        "currency": "DOP",
        "emoji": "🇩🇴",
        "ar_name": "جمهورية الدومينيك"
    },
    {
        "name": "Algeria",
        "official_name": "People's Democratic Republic of Algeria",
        "native_name": "الجزائر",
        "native_official_name": "الجمهورية الديمقراطية الشعبية الجزائرية",
        "iso_3166_1_alpha2": "DZ",
        "iso_3166_1_alpha3": "DZA",
        "calling_code": "213",
        "currency": "DZD",
        "emoji": "🇩🇿",
        "ar_name": "الجزائر"
    },
    {
        "name": "Ecuador",
        "official_name": "Republic of Ecuador",
        "native_name": "Ecuador",
        "native_official_name": "República del Ecuador",
        "iso_3166_1_alpha2": "EC",
        "iso_3166_1_alpha3": "ECU",
        "calling_code": "593",
        "currency": "USD",
        "emoji": "🇪🇨",
        "ar_name": "الإكوادور"
    },
    {
        "name": "Estonia",
        "official_name": "Republic of Estonia",
        "native_name": "Eesti",
        "native_official_name": "Eesti Vabariik",
        "iso_3166_1_alpha2": "EE",
        "iso_3166_1_alpha3": "EST",
        "calling_code": "372",
        "currency": "EUR",
        "emoji": "🇪🇪",
        "ar_name": "أستونيا"
    },
    {
        "name": "Egypt",
        "official_name": "Arab Republic of Egypt",
        "native_name": "مصر",
        "native_official_name": "جمهورية مصر العربية",
        "iso_3166_1_alpha2": "EG",
        "iso_3166_1_alpha3": "EGY",
        "calling_code": "20",
        "currency": "EGP",
        "emoji": "🇪🇬",
        "ar_name": "مصر"
    },
    {
        "name": "Western Sahara",
        "official_name": "Sahrawi Arab Democratic Republic",
        "native_name": "Western Sahara",
        "native_official_name": "Sahrawi Arab Democratic Republic",
        "iso_3166_1_alpha2": "EH",
        "iso_3166_1_alpha3": "ESH",
        "calling_code": "212",
        "currency": "MAD",
        "emoji": "🇪🇭",
        "ar_name": "Western Sahara"
    },
    {
        "name": "Eritrea",
        "official_name": "State of Eritrea",
        "native_name": "إرتريا‎",
        "native_official_name": "دولة إرتريا",
        "iso_3166_1_alpha2": "ER",
        "iso_3166_1_alpha3": "ERI",
        "calling_code": "291",
        "currency": "ERN",
        "emoji": "🇪🇷",
        "ar_name": "Eritrea"
    },
    {
        "name": "Spain",
        "official_name": "Kingdom of Spain",
        "native_name": "Espanya",
        "native_official_name": "Regne d'Espanya",
        "iso_3166_1_alpha2": "ES",
        "iso_3166_1_alpha3": "ESP",
        "calling_code": "34",
        "currency": "EUR",
        "emoji": "🇪🇸",
        "ar_name": "إسبانيا"
    },
    {
        "name": "Ethiopia",
        "official_name": "Federal Democratic Republic of Ethiopia",
        "native_name": "ኢትዮጵያ",
        "native_official_name": "የኢትዮጵያ ፌዴራላዊ ዲሞክራሲያዊ ሪፐብሊክ",
        "iso_3166_1_alpha2": "ET",
        "iso_3166_1_alpha3": "ETH",
        "calling_code": "251",
        "currency": "ETB",
        "emoji": "🇪🇹",
        "ar_name": "إثيوبيا"
    },
    {
        "name": "Finland",
        "official_name": "Republic of Finland",
        "native_name": "Suomi",
        "native_official_name": "Suomen tasavalta",
        "iso_3166_1_alpha2": "FI",
        "iso_3166_1_alpha3": "FIN",
        "calling_code": "358",
        "currency": "EUR",
        "emoji": "🇫🇮",
        "ar_name": "فنلندا"
    },
    {
        "name": "Fiji",
        "official_name": "Republic of Fiji",
        "native_name": "Fiji",
        "native_official_name": "Republic of Fiji",
        "iso_3166_1_alpha2": "FJ",
        "iso_3166_1_alpha3": "FJI",
        "calling_code": "679",
        "currency": "FJD",
        "emoji": "🇫🇯",
        "ar_name": "فيجي"
    },
    {
        "name": "Falkland Islands",
        "official_name": "Falkland Islands",
        "native_name": "Falkland Islands",
        "native_official_name": "Falkland Islands",
        "iso_3166_1_alpha2": "FK",
        "iso_3166_1_alpha3": "FLK",
        "calling_code": "500",
        "currency": "FKP",
        "emoji": "🇫🇰",
        "ar_name": "جزر فوكلاند - جزر مالفيناس"
    },
    {
        "name": "Micronesia",
        "official_name": "Federated States of Micronesia",
        "native_name": "Micronesia",
        "native_official_name": "Federated States of Micronesia",
        "iso_3166_1_alpha2": "FM",
        "iso_3166_1_alpha3": "FSM",
        "calling_code": "691",
        "currency": "USD",
        "emoji": "🇫🇲",
        "ar_name": "ميكرونيزيا"
    },
    {
        "name": "Faroe Islands",
        "official_name": "Faroe Islands",
        "native_name": "Færøerne",
        "native_official_name": "Færøerne",
        "iso_3166_1_alpha2": "FO",
        "iso_3166_1_alpha3": "FRO",
        "calling_code": "298",
        "currency": "DKK",
        "emoji": "🇫🇴",
        "ar_name": "جزر فارو"
    },
    {
        "name": "France",
        "official_name": "French Republic",
        "native_name": "France",
        "native_official_name": "République française",
        "iso_3166_1_alpha2": "FR",
        "iso_3166_1_alpha3": "FRA",
        "calling_code": "33",
        "currency": "EUR",
        "emoji": "🇫🇷",
        "ar_name": "فرنسا"
    },
    {
        "name": "Gabon",
        "official_name": "Gabonese Republic",
        "native_name": "Gabon",
        "native_official_name": "République gabonaise",
        "iso_3166_1_alpha2": "GA",
        "iso_3166_1_alpha3": "GAB",
        "calling_code": "241",
        "currency": "XAF",
        "emoji": "🇬🇦",
        "ar_name": "الجابون"
    },
    {
        "name": "United Kingdom",
        "official_name": "United Kingdom of Great Britain and Northern Ireland",
        "native_name": "United Kingdom",
        "native_official_name": "United Kingdom of Great Britain and Northern Ireland",
        "iso_3166_1_alpha2": "GB",
        "iso_3166_1_alpha3": "GBR",
        "calling_code": "44",
        "currency": "GBP",
        "emoji": "🇬🇧",
        "ar_name": "المملكة المتحدة"
    },
    {
        "name": "Grenada",
        "official_name": "Grenada",
        "native_name": "Grenada",
        "native_official_name": "Grenada",
        "iso_3166_1_alpha2": "GD",
        "iso_3166_1_alpha3": "GRD",
        "calling_code": "1473",
        "currency": "XCD",
        "emoji": "🇬🇩",
        "ar_name": "غرينادا"
    },
    {
        "name": "Georgia",
        "official_name": "Georgia",
        "native_name": "საქართველო",
        "native_official_name": "საქართველო",
        "iso_3166_1_alpha2": "GE",
        "iso_3166_1_alpha3": "GEO",
        "calling_code": "995",
        "currency": "GEL",
        "emoji": "🇬🇪",
        "ar_name": "جورجيا"
    },
    {
        "name": "French Guiana",
        "official_name": "Guiana",
        "native_name": "Guyane française",
        "native_official_name": "Guyanes",
        "iso_3166_1_alpha2": "GF",
        "iso_3166_1_alpha3": "GUF",
        "calling_code": "594",
        "currency": "EUR",
        "emoji": "🇬🇫",
        "ar_name": "غويانا الفرنسية"
    },
    {
        "name": "Guernsey",
        "official_name": "Bailiwick of Guernsey",
        "native_name": "Guernsey",
        "native_official_name": "Bailiwick of Guernsey",
        "iso_3166_1_alpha2": "GG",
        "iso_3166_1_alpha3": "GGY",
        "calling_code": "44",
        "currency": "GBP",
        "emoji": "🇬🇬",
        "ar_name": "Guernsey"
    },
    {
        "name": "Ghana",
        "official_name": "Republic of Ghana",
        "native_name": "Ghana",
        "native_official_name": "Republic of Ghana",
        "iso_3166_1_alpha2": "GH",
        "iso_3166_1_alpha3": "GHA",
        "calling_code": "233",
        "currency": "GHS",
        "emoji": "🇬🇭",
        "ar_name": "غانا"
    },
    {
        "name": "Gibraltar",
        "official_name": "Gibraltar",
        "native_name": "Gibraltar",
        "native_official_name": "Gibraltar",
        "iso_3166_1_alpha2": "GI",
        "iso_3166_1_alpha3": "GIB",
        "calling_code": "350",
        "currency": "GIP",
        "emoji": "🇬🇮",
        "ar_name": "جبل طارق"
    },
    {
        "name": "Greenland",
        "official_name": "Greenland",
        "native_name": "Kalaallit Nunaat",
        "native_official_name": "Kalaallit Nunaat",
        "iso_3166_1_alpha2": "GL",
        "iso_3166_1_alpha3": "GRL",
        "calling_code": "299",
        "currency": "DKK",
        "emoji": "🇬🇱",
        "ar_name": "غرينلاند"
    },
    {
        "name": "Gambia",
        "official_name": "Republic of the Gambia",
        "native_name": "Gambia",
        "native_official_name": "Republic of the Gambia",
        "iso_3166_1_alpha2": "GM",
        "iso_3166_1_alpha3": "GMB",
        "calling_code": "220",
        "currency": "GMD",
        "emoji": "🇬🇲",
        "ar_name": "غامبيا"
    },
    {
        "name": "Guinea",
        "official_name": "Republic of Guinea",
        "native_name": "Guinée",
        "native_official_name": "République de Guinée",
        "iso_3166_1_alpha2": "GN",
        "iso_3166_1_alpha3": "GIN",
        "calling_code": "224",
        "currency": "GNF",
        "emoji": "🇬🇳",
        "ar_name": "غينيا"
    },
    {
        "name": "Guadeloupe",
        "official_name": "Guadeloupe",
        "native_name": "Guadeloupe",
        "native_official_name": "Guadeloupe",
        "iso_3166_1_alpha2": "GP",
        "iso_3166_1_alpha3": "GLP",
        "calling_code": "590",
        "currency": "EUR",
        "emoji": "🇬🇵",
        "ar_name": "جوادلوب"
    },
    {
        "name": "Equatorial Guinea",
        "official_name": "Republic of Equatorial Guinea",
        "native_name": "Guinée équatoriale",
        "native_official_name": "République de la Guinée Équatoriale",
        "iso_3166_1_alpha2": "GQ",
        "iso_3166_1_alpha3": "GNQ",
        "calling_code": "240",
        "currency": "XAF",
        "emoji": "🇬🇶",
        "ar_name": "غينيا الإستوائية"
    },
    {
        "name": "Greece",
        "official_name": "Hellenic Republic",
        "native_name": "Ελλάδα",
        "native_official_name": "Ελληνική Δημοκρατία",
        "iso_3166_1_alpha2": "GR",
        "iso_3166_1_alpha3": "GRC",
        "calling_code": "30",
        "currency": "EUR",
        "emoji": "🇬🇷",
        "ar_name": "ليونان"
    },
    {
        "name": "South Georgia",
        "official_name": "South Georgia and the South Sandwich Islands",
        "native_name": "South Georgia",
        "native_official_name": "South Georgia and the South Sandwich Islands",
        "iso_3166_1_alpha2": "GS",
        "iso_3166_1_alpha3": "SGS",
        "calling_code": "500",
        "currency": "GBP",
        "emoji": "🇬🇸",
        "ar_name": "South Georgia"
    },
    {
        "name": "Guatemala",
        "official_name": "Republic of Guatemala",
        "native_name": "Guatemala",
        "native_official_name": "República de Guatemala",
        "iso_3166_1_alpha2": "GT",
        "iso_3166_1_alpha3": "GTM",
        "calling_code": "502",
        "currency": "GTQ",
        "emoji": "🇬🇹",
        "ar_name": "غواتيمالا"
    },
    {
        "name": "Guam",
        "official_name": "Guam",
        "native_name": "Guåhån",
        "native_official_name": "Guåhån",
        "iso_3166_1_alpha2": "GU",
        "iso_3166_1_alpha3": "GUM",
        "calling_code": "1671",
        "currency": "USD",
        "emoji": "🇬🇺",
        "ar_name": "غوام"
    },
    {
        "name": "Guinea-Bissau",
        "official_name": "Republic of Guinea-Bissau",
        "native_name": "Guiné-Bissau",
        "native_official_name": "República da Guiné-Bissau",
        "iso_3166_1_alpha2": "GW",
        "iso_3166_1_alpha3": "GNB",
        "calling_code": "245",
        "currency": "XOF",
        "emoji": "🇬🇼",
        "ar_name": "غينيا بيساو"
    },
    {
        "name": "Guyana",
        "official_name": "Co-operative Republic of Guyana",
        "native_name": "Guyana",
        "native_official_name": "Co-operative Republic of Guyana",
        "iso_3166_1_alpha2": "GY",
        "iso_3166_1_alpha3": "GUY",
        "calling_code": "592",
        "currency": "GYD",
        "emoji": "🇬🇾",
        "ar_name": "غيانا"
    },
    {
        "name": "Hong Kong",
        "official_name": "Hong Kong Special Administrative Region of the People's Republic of China",
        "native_name": "Hong Kong",
        "native_official_name": "Hong Kong Special Administrative Region of the People's Republic of China",
        "iso_3166_1_alpha2": "HK",
        "iso_3166_1_alpha3": "HKG",
        "calling_code": "852",
        "currency": "HKD",
        "emoji": "🇭🇰",
        "ar_name": "هونغ كونغ"
    },
    {
        "name": "Heard Island and McDonald Islands",
        "official_name": "Heard Island and McDonald Islands",
        "native_name": "Heard Island and McDonald Islands",
        "native_official_name": "Heard Island and McDonald Islands",
        "iso_3166_1_alpha2": "HM",
        "iso_3166_1_alpha3": "HMD",
        "calling_code": false,
        "currency": "AUD",
        "emoji": "🇭🇲",
        "ar_name": "جزيرة هيرد وجزر ماكدونالد"
    },
    {
        "name": "Honduras",
        "official_name": "Republic of Honduras",
        "native_name": "Honduras",
        "native_official_name": "República de Honduras",
        "iso_3166_1_alpha2": "HN",
        "iso_3166_1_alpha3": "HND",
        "calling_code": "504",
        "currency": "HNL",
        "emoji": "🇭🇳",
        "ar_name": "هندوراس"
    },
    {
        "name": "Croatia",
        "official_name": "Republic of Croatia",
        "native_name": "Hrvatska",
        "native_official_name": "Republika Hrvatska",
        "iso_3166_1_alpha2": "HR",
        "iso_3166_1_alpha3": "HRV",
        "calling_code": "385",
        "currency": "HRK",
        "emoji": "🇭🇷",
        "ar_name": "كرواتيا"
    },
    {
        "name": "Haiti",
        "official_name": "Republic of Haiti",
        "native_name": "Haïti",
        "native_official_name": "République d'Haïti",
        "iso_3166_1_alpha2": "HT",
        "iso_3166_1_alpha3": "HTI",
        "calling_code": "509",
        "currency": "HTG",
        "emoji": "🇭🇹",
        "ar_name": "هايتي"
    },
    {
        "name": "Hungary",
        "official_name": "Hungary",
        "native_name": "Magyarország",
        "native_official_name": "Magyarország",
        "iso_3166_1_alpha2": "HU",
        "iso_3166_1_alpha3": "HUN",
        "calling_code": "36",
        "currency": "HUF",
        "emoji": "🇭🇺",
        "ar_name": "هنغاريا"
    },
    {
        "name": "Indonesia",
        "official_name": "Republic of Indonesia",
        "native_name": "Indonesia",
        "native_official_name": "Republik Indonesia",
        "iso_3166_1_alpha2": "ID",
        "iso_3166_1_alpha3": "IDN",
        "calling_code": "62",
        "currency": "IDR",
        "emoji": "🇮🇩",
        "ar_name": "أندونيسيا"
    },
    {
        "name": "Ireland",
        "official_name": "Republic of Ireland",
        "native_name": "Ireland",
        "native_official_name": "Republic of Ireland",
        "iso_3166_1_alpha2": "IE",
        "iso_3166_1_alpha3": "IRL",
        "calling_code": "353",
        "currency": "EUR",
        "emoji": "🇮🇪",
        "ar_name": "أيرلندا"
    },
    {
        "name": "Israel",
        "official_name": "State of Israel",
        "native_name": "إسرائيل",
        "native_official_name": "دولة إسرائيل",
        "iso_3166_1_alpha2": "IL",
        "iso_3166_1_alpha3": "ISR",
        "calling_code": "972",
        "currency": "ILS",
        "emoji": "🇮🇱",
        "ar_name": "Israel"
    },
    {
        "name": "Isle of Man",
        "official_name": "Isle of Man",
        "native_name": "Isle of Man",
        "native_official_name": "Isle of Man",
        "iso_3166_1_alpha2": "IM",
        "iso_3166_1_alpha3": "IMN",
        "calling_code": "44",
        "currency": "GBP",
        "emoji": "🇮🇲",
        "ar_name": "Isle of Man"
    },
    {
        "name": "India",
        "official_name": "Republic of India",
        "native_name": "India",
        "native_official_name": "Republic of India",
        "iso_3166_1_alpha2": "IN",
        "iso_3166_1_alpha3": "IND",
        "calling_code": "91",
        "currency": "INR",
        "emoji": "🇮🇳",
        "ar_name": "الهند"
    },
    {
        "name": "British Indian Ocean Territory",
        "official_name": "British Indian Ocean Territory",
        "native_name": "British Indian Ocean Territory",
        "native_official_name": "British Indian Ocean Territory",
        "iso_3166_1_alpha2": "IO",
        "iso_3166_1_alpha3": "IOT",
        "calling_code": "246",
        "currency": "USD",
        "emoji": "🇮🇴",
        "ar_name": "الإقليم البريطاني في المحيط الهندي"
    },
    {
        "name": "Iraq",
        "official_name": "Republic of Iraq",
        "native_name": "العراق",
        "native_official_name": "جمهورية العراق",
        "iso_3166_1_alpha2": "IQ",
        "iso_3166_1_alpha3": "IRQ",
        "calling_code": "964",
        "currency": "IQD",
        "emoji": "🇮🇶",
        "ar_name": "العراق"
    },
    {
        "name": "Iran",
        "official_name": "Islamic Republic of Iran",
        "native_name": "ایران",
        "native_official_name": "جمهوری اسلامی ایران",
        "iso_3166_1_alpha2": "IR",
        "iso_3166_1_alpha3": "IRN",
        "calling_code": "98",
        "currency": "IRR",
        "emoji": "🇮🇷",
        "ar_name": "إيران"
    },
    {
        "name": "Iceland",
        "official_name": "Iceland",
        "native_name": "Ísland",
        "native_official_name": "Ísland",
        "iso_3166_1_alpha2": "IS",
        "iso_3166_1_alpha3": "ISL",
        "calling_code": "354",
        "currency": "ISK",
        "emoji": "🇮🇸",
        "ar_name": "أيسلندا"
    },
    {
        "name": "Italy",
        "official_name": "Italian Republic",
        "native_name": "Italia",
        "native_official_name": "Repubblica italiana",
        "iso_3166_1_alpha2": "IT",
        "iso_3166_1_alpha3": "ITA",
        "calling_code": "39",
        "currency": "EUR",
        "emoji": "🇮🇹",
        "ar_name": "إيطاليا"
    },
    {
        "name": "Jersey",
        "official_name": "Bailiwick of Jersey",
        "native_name": "Jersey",
        "native_official_name": "Bailiwick of Jersey",
        "iso_3166_1_alpha2": "JE",
        "iso_3166_1_alpha3": "JEY",
        "calling_code": "44",
        "currency": "GBP",
        "emoji": "🇯🇪",
        "ar_name": "Jersey"
    },
    {
        "name": "Jamaica",
        "official_name": "Jamaica",
        "native_name": "Jamaica",
        "native_official_name": "Jamaica",
        "iso_3166_1_alpha2": "JM",
        "iso_3166_1_alpha3": "JAM",
        "calling_code": "1876",
        "currency": "JMD",
        "emoji": "🇯🇲",
        "ar_name": "جامايكا"
    },
    {
        "name": "Jordan",
        "official_name": "Hashemite Kingdom of Jordan",
        "native_name": "الأردن",
        "native_official_name": "المملكة الأردنية الهاشمية",
        "iso_3166_1_alpha2": "JO",
        "iso_3166_1_alpha3": "JOR",
        "calling_code": "962",
        "currency": "JOD",
        "emoji": "🇯🇴",
        "ar_name": "الأردن"
    },
    {
        "name": "Japan",
        "official_name": "Japan",
        "native_name": "日本",
        "native_official_name": "日本",
        "iso_3166_1_alpha2": "JP",
        "iso_3166_1_alpha3": "JPN",
        "calling_code": "81",
        "currency": "JPY",
        "emoji": "🇯🇵",
        "ar_name": "ليابان"
    },
    {
        "name": "Kenya",
        "official_name": "Republic of Kenya",
        "native_name": "Kenya",
        "native_official_name": "Republic of Kenya",
        "iso_3166_1_alpha2": "KE",
        "iso_3166_1_alpha3": "KEN",
        "calling_code": "254",
        "currency": "KES",
        "emoji": "🇰🇪",
        "ar_name": "كينيا"
    },
    {
        "name": "Kyrgyzstan",
        "official_name": "Kyrgyz Republic",
        "native_name": "Кыргызстан",
        "native_official_name": "Кыргыз Республикасы",
        "iso_3166_1_alpha2": "KG",
        "iso_3166_1_alpha3": "KGZ",
        "calling_code": "996",
        "currency": "KGS",
        "emoji": "🇰🇬",
        "ar_name": "قرغيزستان"
    },
    {
        "name": "Cambodia",
        "official_name": "Kingdom of Cambodia",
        "native_name": "Kâmpŭchéa",
        "native_official_name": "ព្រះរាជាណាចក្រកម្ពុជា",
        "iso_3166_1_alpha2": "KH",
        "iso_3166_1_alpha3": "KHM",
        "calling_code": "855",
        "currency": "KHR",
        "emoji": "🇰🇭",
        "ar_name": "كمبوديا"
    },
    {
        "name": "Kiribati",
        "official_name": "Independent and Sovereign Republic of Kiribati",
        "native_name": "Kiribati",
        "native_official_name": "Independent and Sovereign Republic of Kiribati",
        "iso_3166_1_alpha2": "KI",
        "iso_3166_1_alpha3": "KIR",
        "calling_code": "686",
        "currency": "AUD",
        "emoji": "🇰🇮",
        "ar_name": "كيريباتي"
    },
    {
        "name": "Comoros",
        "official_name": "Union of the Comoros",
        "native_name": "القمر‎",
        "native_official_name": "الاتحاد القمري",
        "iso_3166_1_alpha2": "KM",
        "iso_3166_1_alpha3": "COM",
        "calling_code": "269",
        "currency": "KMF",
        "emoji": "🇰🇲",
        "ar_name": "جزر القمر"
    },
    {
        "name": "Saint Kitts and Nevis",
        "official_name": "Federation of Saint Christopher and Nevisa",
        "native_name": "Saint Kitts and Nevis",
        "native_official_name": "Federation of Saint Christopher and Nevisa",
        "iso_3166_1_alpha2": "KN",
        "iso_3166_1_alpha3": "KNA",
        "calling_code": "1869",
        "currency": "XCD",
        "emoji": "🇰🇳",
        "ar_name": "سانت كيتس ونيفيس"
    },
    {
        "name": "North Korea",
        "official_name": "Democratic People's Republic of Korea",
        "native_name": "북한",
        "native_official_name": "조선 민주주의 인민 공화국",
        "iso_3166_1_alpha2": "KP",
        "iso_3166_1_alpha3": "PRK",
        "calling_code": "850",
        "currency": "KPW",
        "emoji": "🇰🇵",
        "ar_name": "كوريا الشمالية"
    },
    {
        "name": "South Korea",
        "official_name": "Republic of Korea",
        "native_name": "대한민국",
        "native_official_name": "한국",
        "iso_3166_1_alpha2": "KR",
        "iso_3166_1_alpha3": "KOR",
        "calling_code": "82",
        "currency": "KRW",
        "emoji": "🇰🇷",
        "ar_name": "كوريا الجنوبية"
    },
    {
        "name": "Kuwait",
        "official_name": "State of Kuwait",
        "native_name": "الكويت",
        "native_official_name": "دولة الكويت",
        "iso_3166_1_alpha2": "KW",
        "iso_3166_1_alpha3": "KWT",
        "calling_code": "965",
        "currency": "KWD",
        "emoji": "🇰🇼",
        "ar_name": "الكويت"
    },
    {
        "name": "Cayman Islands",
        "official_name": "Cayman Islands",
        "native_name": "Cayman Islands",
        "native_official_name": "Cayman Islands",
        "iso_3166_1_alpha2": "KY",
        "iso_3166_1_alpha3": "CYM",
        "calling_code": "1345",
        "currency": "KYD",
        "emoji": "🇰🇾",
        "ar_name": "جزر الكايمن"
    },
    {
        "name": "Kazakhstan",
        "official_name": "Republic of Kazakhstan",
        "native_name": "Қазақстан",
        "native_official_name": "Қазақстан Республикасы",
        "iso_3166_1_alpha2": "KZ",
        "iso_3166_1_alpha3": "KAZ",
        "calling_code": "76",
        "currency": "KZT",
        "emoji": "🇰🇿",
        "ar_name": "كازاخستان"
    },
    {
        "name": "Laos",
        "official_name": "Lao People's Democratic Republic",
        "native_name": "ສປປລາວ",
        "native_official_name": "ສາທາລະນະ ຊາທິປະໄຕ ຄົນລາວ ຂອງ",
        "iso_3166_1_alpha2": "LA",
        "iso_3166_1_alpha3": "LAO",
        "calling_code": "856",
        "currency": "LAK",
        "emoji": "🇱🇦",
        "ar_name": "لاوس"
    },
    {
        "name": "Lebanon",
        "official_name": "Lebanese Republic",
        "native_name": "لبنان",
        "native_official_name": "الجمهورية اللبنانية",
        "iso_3166_1_alpha2": "LB",
        "iso_3166_1_alpha3": "LBN",
        "calling_code": "961",
        "currency": "LBP",
        "emoji": "🇱🇧",
        "ar_name": "لبنان"
    },
    {
        "name": "Saint Lucia",
        "official_name": "Saint Lucia",
        "native_name": "Saint Lucia",
        "native_official_name": "Saint Lucia",
        "iso_3166_1_alpha2": "LC",
        "iso_3166_1_alpha3": "LCA",
        "calling_code": "1758",
        "currency": "XCD",
        "emoji": "🇱🇨",
        "ar_name": "سانت لوسيا"
    },
    {
        "name": "Liechtenstein",
        "official_name": "Principality of Liechtenstein",
        "native_name": "Liechtenstein",
        "native_official_name": "Fürstentum Liechtenstein",
        "iso_3166_1_alpha2": "LI",
        "iso_3166_1_alpha3": "LIE",
        "calling_code": "423",
        "currency": "CHF",
        "emoji": "🇱🇮",
        "ar_name": "ليختنشتاين"
    },
    {
        "name": "Sri Lanka",
        "official_name": "Democratic Socialist Republic of Sri Lanka",
        "native_name": "ශ්‍රී ලංකාව",
        "native_official_name": "ශ්‍රී ලංකා ප්‍රජාතාන්ත්‍රික සමාජවාදී ජනරජය",
        "iso_3166_1_alpha2": "LK",
        "iso_3166_1_alpha3": "LKA",
        "calling_code": "94",
        "currency": "LKR",
        "emoji": "🇱🇰",
        "ar_name": "سريلانكا"
    },
    {
        "name": "Liberia",
        "official_name": "Republic of Liberia",
        "native_name": "Liberia",
        "native_official_name": "Republic of Liberia",
        "iso_3166_1_alpha2": "LR",
        "iso_3166_1_alpha3": "LBR",
        "calling_code": "231",
        "currency": "LRD",
        "emoji": "🇱🇷",
        "ar_name": "ليبيريا"
    },
    {
        "name": "Lesotho",
        "official_name": "Kingdom of Lesotho",
        "native_name": "Lesotho",
        "native_official_name": "Kingdom of Lesotho",
        "iso_3166_1_alpha2": "LS",
        "iso_3166_1_alpha3": "LSO",
        "calling_code": "266",
        "currency": "LSL",
        "emoji": "🇱🇸",
        "ar_name": "ليسوتو"
    },
    {
        "name": "Lithuania",
        "official_name": "Republic of Lithuania",
        "native_name": "Lietuva",
        "native_official_name": "Lietuvos Respublikos",
        "iso_3166_1_alpha2": "LT",
        "iso_3166_1_alpha3": "LTU",
        "calling_code": "370",
        "currency": "EUR",
        "emoji": "🇱🇹",
        "ar_name": "ليتوانيا"
    },
    {
        "name": "Luxembourg",
        "official_name": "Grand Duchy of Luxembourg",
        "native_name": "Luxemburg",
        "native_official_name": "Großherzogtum Luxemburg",
        "iso_3166_1_alpha2": "LU",
        "iso_3166_1_alpha3": "LUX",
        "calling_code": "352",
        "currency": "EUR",
        "emoji": "🇱🇺",
        "ar_name": "لوكسمبورغ"
    },
    {
        "name": "Latvia",
        "official_name": "Republic of Latvia",
        "native_name": "Latvija",
        "native_official_name": "Latvijas Republikas",
        "iso_3166_1_alpha2": "LV",
        "iso_3166_1_alpha3": "LVA",
        "calling_code": "371",
        "currency": "EUR",
        "emoji": "🇱🇻",
        "ar_name": "لاتفيا"
    },
    {
        "name": "Libya",
        "official_name": "State of Libya",
        "native_name": "‏ليبيا",
        "native_official_name": "الدولة ليبيا",
        "iso_3166_1_alpha2": "LY",
        "iso_3166_1_alpha3": "LBY",
        "calling_code": "218",
        "currency": "LYD",
        "emoji": "🇱🇾",
        "ar_name": "ليبيا"
    },
    {
        "name": "Morocco",
        "official_name": "Kingdom of Morocco",
        "native_name": "المغرب",
        "native_official_name": "المملكة المغربية",
        "iso_3166_1_alpha2": "MA",
        "iso_3166_1_alpha3": "MAR",
        "calling_code": "212",
        "currency": "MAD",
        "emoji": "🇲🇦",
        "ar_name": "المغرب"
    },
    {
        "name": "Monaco",
        "official_name": "Principality of Monaco",
        "native_name": "Monaco",
        "native_official_name": "Principauté de Monaco",
        "iso_3166_1_alpha2": "MC",
        "iso_3166_1_alpha3": "MCO",
        "calling_code": "377",
        "currency": "EUR",
        "emoji": "🇲🇨",
        "ar_name": "موناكو"
    },
    {
        "name": "Moldova",
        "official_name": "Republic of Moldova",
        "native_name": "Moldova",
        "native_official_name": "Republica Moldova",
        "iso_3166_1_alpha2": "MD",
        "iso_3166_1_alpha3": "MDA",
        "calling_code": "373",
        "currency": "MDL",
        "emoji": "🇲🇩",
        "ar_name": "مولدافيا"
    },
    {
        "name": "Montenegro",
        "official_name": "Montenegro",
        "native_name": "Црна Гора",
        "native_official_name": "Црна Гора",
        "iso_3166_1_alpha2": "ME",
        "iso_3166_1_alpha3": "MNE",
        "calling_code": "382",
        "currency": "EUR",
        "emoji": "🇲🇪",
        "ar_name": "Montenegro"
    },
    {
        "name": "Saint Martin",
        "official_name": "Saint Martin",
        "native_name": "Saint-Martin",
        "native_official_name": "Saint-Martin",
        "iso_3166_1_alpha2": "MF",
        "iso_3166_1_alpha3": "MAF",
        "calling_code": "590",
        "currency": "EUR",
        "emoji": "🇲🇫",
        "ar_name": "Saint Martin"
    },
    {
        "name": "Madagascar",
        "official_name": "Republic of Madagascar",
        "native_name": "Madagascar",
        "native_official_name": "République de Madagascar",
        "iso_3166_1_alpha2": "MG",
        "iso_3166_1_alpha3": "MDG",
        "calling_code": "261",
        "currency": "MGA",
        "emoji": "🇲🇬",
        "ar_name": "مدغشقر"
    },
    {
        "name": "Marshall Islands",
        "official_name": "Republic of the Marshall Islands",
        "native_name": "Marshall Islands",
        "native_official_name": "Republic of the Marshall Islands",
        "iso_3166_1_alpha2": "MH",
        "iso_3166_1_alpha3": "MHL",
        "calling_code": "692",
        "currency": "USD",
        "emoji": "🇲🇭",
        "ar_name": "جزر المارشال"
    },
    {
        "name": "Macedonia",
        "official_name": "Republic of Macedonia",
        "native_name": "Македонија",
        "native_official_name": "Република Македонија",
        "iso_3166_1_alpha2": "MK",
        "iso_3166_1_alpha3": "MKD",
        "calling_code": "389",
        "currency": "MKD",
        "emoji": "🇲🇰",
        "ar_name": "مقدونيا- جمهورية مقدونيا اليوغسلافية السابقة"
    },
    {
        "name": "Mali",
        "official_name": "Republic of Mali",
        "native_name": "Mali",
        "native_official_name": "République du Mali",
        "iso_3166_1_alpha2": "ML",
        "iso_3166_1_alpha3": "MLI",
        "calling_code": "223",
        "currency": "XOF",
        "emoji": "🇲🇱",
        "ar_name": "مالي"
    },
    {
        "name": "Myanmar",
        "official_name": "Republic of the Union of Myanmar",
        "native_name": "မြန်မာ",
        "native_official_name": "ပြည်ထောင်စု သမ္မတ မြန်မာနိုင်ငံတော်",
        "iso_3166_1_alpha2": "MM",
        "iso_3166_1_alpha3": "MMR",
        "calling_code": "95",
        "currency": "MMK",
        "emoji": "🇲🇲",
        "ar_name": "ميانمار -بورما"
    },
    {
        "name": "Mongolia",
        "official_name": "Mongolia",
        "native_name": "Монгол улс",
        "native_official_name": "Монгол улс",
        "iso_3166_1_alpha2": "MN",
        "iso_3166_1_alpha3": "MNG",
        "calling_code": "976",
        "currency": "MNT",
        "emoji": "🇲🇳",
        "ar_name": "منغوليا"
    },
    {
        "name": "Macau",
        "official_name": "Macao Special Administrative Region of the People's Republic of China",
        "native_name": "Macau",
        "native_official_name": "Região Administrativa Especial de Macau da República Popular da China",
        "iso_3166_1_alpha2": "MO",
        "iso_3166_1_alpha3": "MAC",
        "calling_code": "853",
        "currency": "MOP",
        "emoji": "🇲🇴",
        "ar_name": "مكاو"
    },
    {
        "name": "Northern Mariana Islands",
        "official_name": "Commonwealth of the Northern Mariana Islands",
        "native_name": "Northern Mariana Islands",
        "native_official_name": "Commonwealth of the Northern Mariana Islands",
        "iso_3166_1_alpha2": "MP",
        "iso_3166_1_alpha3": "MNP",
        "calling_code": "1670",
        "currency": "USD",
        "emoji": "🇲🇵",
        "ar_name": "جزر ماريانا الشمالية"
    },
    {
        "name": "Martinique",
        "official_name": "Martinique",
        "native_name": "Martinique",
        "native_official_name": "Martinique",
        "iso_3166_1_alpha2": "MQ",
        "iso_3166_1_alpha3": "MTQ",
        "calling_code": "596",
        "currency": "EUR",
        "emoji": "🇲🇶",
        "ar_name": "مارتينيك"
    },
    {
        "name": "Mauritania",
        "official_name": "Islamic Republic of Mauritania",
        "native_name": "موريتانيا",
        "native_official_name": "الجمهورية الإسلامية الموريتانية",
        "iso_3166_1_alpha2": "MR",
        "iso_3166_1_alpha3": "MRT",
        "calling_code": "222",
        "currency": "MRO",
        "emoji": "🇲🇷",
        "ar_name": "موريتانيا"
    },
    {
        "name": "Montserrat",
        "official_name": "Montserrat",
        "native_name": "Montserrat",
        "native_official_name": "Montserrat",
        "iso_3166_1_alpha2": "MS",
        "iso_3166_1_alpha3": "MSR",
        "calling_code": "1664",
        "currency": "XCD",
        "emoji": "🇲🇸",
        "ar_name": "مونتسرات"
    },
    {
        "name": "Malta",
        "official_name": "Republic of Malta",
        "native_name": "Malta",
        "native_official_name": "Republic of Malta",
        "iso_3166_1_alpha2": "MT",
        "iso_3166_1_alpha3": "MLT",
        "calling_code": "356",
        "currency": "EUR",
        "emoji": "🇲🇹",
        "ar_name": "مالطا"
    },
    {
        "name": "Mauritius",
        "official_name": "Republic of Mauritius",
        "native_name": "Mauritius",
        "native_official_name": "Republic of Mauritius",
        "iso_3166_1_alpha2": "MU",
        "iso_3166_1_alpha3": "MUS",
        "calling_code": "230",
        "currency": "MUR",
        "emoji": "🇲🇺",
        "ar_name": "موريشيوس"
    },
    {
        "name": "Maldives",
        "official_name": "Republic of the Maldives",
        "native_name": "ދިވެހިރާއްޖޭގެ",
        "native_official_name": "ދިވެހިރާއްޖޭގެ ޖުމްހޫރިއްޔާ",
        "iso_3166_1_alpha2": "MV",
        "iso_3166_1_alpha3": "MDV",
        "calling_code": "960",
        "currency": "MVR",
        "emoji": "🇲🇻",
        "ar_name": "جزر المالديف"
    },
    {
        "name": "Malawi",
        "official_name": "Republic of Malawi",
        "native_name": "Malawi",
        "native_official_name": "Republic of Malawi",
        "iso_3166_1_alpha2": "MW",
        "iso_3166_1_alpha3": "MWI",
        "calling_code": "265",
        "currency": "MWK",
        "emoji": "🇲🇼",
        "ar_name": "ملاوي"
    },
    {
        "name": "Mexico",
        "official_name": "United Mexican States",
        "native_name": "México",
        "native_official_name": "Estados Unidos Mexicanos",
        "iso_3166_1_alpha2": "MX",
        "iso_3166_1_alpha3": "MEX",
        "calling_code": "52",
        "currency": "MXN",
        "emoji": "🇲🇽",
        "ar_name": "المكسيك"
    },
    {
        "name": "Malaysia",
        "official_name": "Malaysia",
        "native_name": "Malaysia",
        "native_official_name": "Malaysia",
        "iso_3166_1_alpha2": "MY",
        "iso_3166_1_alpha3": "MYS",
        "calling_code": "60",
        "currency": "MYR",
        "emoji": "🇲🇾",
        "ar_name": "ماليزيا"
    },
    {
        "name": "Mozambique",
        "official_name": "Republic of Mozambique",
        "native_name": "Moçambique",
        "native_official_name": "República de Moçambique",
        "iso_3166_1_alpha2": "MZ",
        "iso_3166_1_alpha3": "MOZ",
        "calling_code": "258",
        "currency": "MZN",
        "emoji": "🇲🇿",
        "ar_name": "موزمبيق"
    },
    {
        "name": "Namibia",
        "official_name": "Republic of Namibia",
        "native_name": "Namibië",
        "native_official_name": "Republiek van Namibië",
        "iso_3166_1_alpha2": "NA",
        "iso_3166_1_alpha3": "NAM",
        "calling_code": "264",
        "currency": "NAD",
        "emoji": "🇳🇦",
        "ar_name": "ناميبيا"
    },
    {
        "name": "New Caledonia",
        "official_name": "New Caledonia",
        "native_name": "Nouvelle-Calédonie",
        "native_official_name": "Nouvelle-Calédonie",
        "iso_3166_1_alpha2": "NC",
        "iso_3166_1_alpha3": "NCL",
        "calling_code": "687",
        "currency": "XPF",
        "emoji": "🇳🇨",
        "ar_name": "كاليدونيا الجديدة"
    },
    {
        "name": "Niger",
        "official_name": "Republic of Niger",
        "native_name": "Niger",
        "native_official_name": "République du Niger",
        "iso_3166_1_alpha2": "NE",
        "iso_3166_1_alpha3": "NER",
        "calling_code": "227",
        "currency": "XOF",
        "emoji": "🇳🇪",
        "ar_name": "النيجر"
    },
    {
        "name": "Norfolk Island",
        "official_name": "Territory of Norfolk Island",
        "native_name": "Norfolk Island",
        "native_official_name": "Territory of Norfolk Island",
        "iso_3166_1_alpha2": "NF",
        "iso_3166_1_alpha3": "NFK",
        "calling_code": "672",
        "currency": "AUD",
        "emoji": "🇳🇫",
        "ar_name": "جزيرة نورفوك"
    },
    {
        "name": "Nigeria",
        "official_name": "Federal Republic of Nigeria",
        "native_name": "Nigeria",
        "native_official_name": "Federal Republic of Nigeria",
        "iso_3166_1_alpha2": "NG",
        "iso_3166_1_alpha3": "NGA",
        "calling_code": "234",
        "currency": "NGN",
        "emoji": "🇳🇬",
        "ar_name": "نيجيريا"
    },
    {
        "name": "Nicaragua",
        "official_name": "Republic of Nicaragua",
        "native_name": "Nicaragua",
        "native_official_name": "República de Nicaragua",
        "iso_3166_1_alpha2": "NI",
        "iso_3166_1_alpha3": "NIC",
        "calling_code": "505",
        "currency": "NIO",
        "emoji": "🇳🇮",
        "ar_name": "نيكاراغوا"
    },
    {
        "name": "Netherlands",
        "official_name": "Netherlands",
        "native_name": "Nederland",
        "native_official_name": "Nederland",
        "iso_3166_1_alpha2": "NL",
        "iso_3166_1_alpha3": "NLD",
        "calling_code": "31",
        "currency": "EUR",
        "emoji": "🇳🇱",
        "ar_name": "هولندا"
    },
    {
        "name": "Norway",
        "official_name": "Kingdom of Norway",
        "native_name": "Noreg",
        "native_official_name": "Kongeriket Noreg",
        "iso_3166_1_alpha2": "NO",
        "iso_3166_1_alpha3": "NOR",
        "calling_code": "47",
        "currency": "NOK",
        "emoji": "🇳🇴",
        "ar_name": "النرويج"
    },
    {
        "name": "Nepal",
        "official_name": "Federal Democratic Republic of Nepal",
        "native_name": "नपल",
        "native_official_name": "नेपाल संघीय लोकतान्त्रिक गणतन्त्र",
        "iso_3166_1_alpha2": "NP",
        "iso_3166_1_alpha3": "NPL",
        "calling_code": "977",
        "currency": "NPR",
        "emoji": "🇳🇵",
        "ar_name": "نيبال"
    },
    {
        "name": "Nauru",
        "official_name": "Republic of Nauru",
        "native_name": "Nauru",
        "native_official_name": "Republic of Nauru",
        "iso_3166_1_alpha2": "NR",
        "iso_3166_1_alpha3": "NRU",
        "calling_code": "674",
        "currency": "AUD",
        "emoji": "🇳🇷",
        "ar_name": "ناورو"
    },
    {
        "name": "Niue",
        "official_name": "Niue",
        "native_name": "Niue",
        "native_official_name": "Niue",
        "iso_3166_1_alpha2": "NU",
        "iso_3166_1_alpha3": "NIU",
        "calling_code": "683",
        "currency": "NZD",
        "emoji": "🇳🇺",
        "ar_name": "نيوي"
    },
    {
        "name": "New Zealand",
        "official_name": "New Zealand",
        "native_name": "New Zealand",
        "native_official_name": "New Zealand",
        "iso_3166_1_alpha2": "NZ",
        "iso_3166_1_alpha3": "NZL",
        "calling_code": "64",
        "currency": "NZD",
        "emoji": "🇳🇿",
        "ar_name": "نيوزيلاندا"
    },
    {
        "name": "Oman",
        "official_name": "Sultanate of Oman",
        "native_name": "عمان",
        "native_official_name": "سلطنة عمان",
        "iso_3166_1_alpha2": "OM",
        "iso_3166_1_alpha3": "OMN",
        "calling_code": "968",
        "currency": "OMR",
        "emoji": "🇴🇲",
        "ar_name": "عُمان"
    },
    {
        "name": "Panama",
        "official_name": "Republic of Panama",
        "native_name": "Panamá",
        "native_official_name": "República de Panamá",
        "iso_3166_1_alpha2": "PA",
        "iso_3166_1_alpha3": "PAN",
        "calling_code": "507",
        "currency": "PAB",
        "emoji": "🇵🇦",
        "ar_name": "بنما"
    },
    {
        "name": "Peru",
        "official_name": "Republic of Peru",
        "native_name": "Piruw",
        "native_official_name": "Piruw Suyu",
        "iso_3166_1_alpha2": "PE",
        "iso_3166_1_alpha3": "PER",
        "calling_code": "51",
        "currency": "PEN",
        "emoji": "🇵🇪",
        "ar_name": "بيرو"
    },
    {
        "name": "French Polynesia",
        "official_name": "French Polynesia",
        "native_name": "Polynésie française",
        "native_official_name": "Polynésie française",
        "iso_3166_1_alpha2": "PF",
        "iso_3166_1_alpha3": "PYF",
        "calling_code": "689",
        "currency": "XPF",
        "emoji": "🇵🇫",
        "ar_name": "بولينيزيا الفرنسية"
    },
    {
        "name": "Papua New Guinea",
        "official_name": "Independent State of Papua New Guinea",
        "native_name": "Papua New Guinea",
        "native_official_name": "Independent State of Papua New Guinea",
        "iso_3166_1_alpha2": "PG",
        "iso_3166_1_alpha3": "PNG",
        "calling_code": "675",
        "currency": "PGK",
        "emoji": "🇵🇬",
        "ar_name": "بابوا غينيا الجديدة"
    },
    {
        "name": "Philippines",
        "official_name": "Republic of the Philippines",
        "native_name": "Philippines",
        "native_official_name": "Republic of the Philippines",
        "iso_3166_1_alpha2": "PH",
        "iso_3166_1_alpha3": "PHL",
        "calling_code": "63",
        "currency": "PHP",
        "emoji": "🇵🇭",
        "ar_name": "الفيلبين"
    },
    {
        "name": "Pakistan",
        "official_name": "Islamic Republic of Pakistan",
        "native_name": "Pakistan",
        "native_official_name": "Islamic Republic of Pakistan",
        "iso_3166_1_alpha2": "PK",
        "iso_3166_1_alpha3": "PAK",
        "calling_code": "92",
        "currency": "PKR",
        "emoji": "🇵🇰",
        "ar_name": "باكستان"
    },
    {
        "name": "Poland",
        "official_name": "Republic of Poland",
        "native_name": "Polska",
        "native_official_name": "Rzeczpospolita Polska",
        "iso_3166_1_alpha2": "PL",
        "iso_3166_1_alpha3": "POL",
        "calling_code": "48",
        "currency": "PLN",
        "emoji": "🇵🇱",
        "ar_name": "بولندا"
    },
    {
        "name": "Saint Pierre and Miquelon",
        "official_name": "Saint Pierre and Miquelon",
        "native_name": "Saint-Pierre-et-Miquelon",
        "native_official_name": "Collectivité territoriale de Saint-Pierre-et-Miquelon",
        "iso_3166_1_alpha2": "PM",
        "iso_3166_1_alpha3": "SPM",
        "calling_code": "508",
        "currency": "EUR",
        "emoji": "🇵🇲",
        "ar_name": "سانت بيير وميكولون"
    },
    {
        "name": "Pitcairn Islands",
        "official_name": "Pitcairn Group of Islands",
        "native_name": "Pitcairn Islands",
        "native_official_name": "Pitcairn Group of Islands",
        "iso_3166_1_alpha2": "PN",
        "iso_3166_1_alpha3": "PCN",
        "calling_code": "64",
        "currency": "NZD",
        "emoji": "🇵🇳",
        "ar_name": "جزر بيتكيرن"
    },
    {
        "name": "Puerto Rico",
        "official_name": "Commonwealth of Puerto Rico",
        "native_name": "Puerto Rico",
        "native_official_name": "Commonwealth of Puerto Rico",
        "iso_3166_1_alpha2": "PR",
        "iso_3166_1_alpha3": "PRI",
        "calling_code": "1787",
        "currency": "USD",
        "emoji": "🇵🇷",
        "ar_name": "بورتوريكو"
    },
    {
        "name": "Palestine",
        "official_name": "State of Palestine",
        "native_name": "فلسطين",
        "native_official_name": "دولة فلسطين",
        "iso_3166_1_alpha2": "PS",
        "iso_3166_1_alpha3": "PSE",
        "calling_code": "970",
        "currency": "ILS",
        "emoji": "🇵🇸",
        "ar_name": "فلسطين"
    },
    {
        "name": "Portugal",
        "official_name": "Portuguese Republic",
        "native_name": "Portugal",
        "native_official_name": "República Portuguesa",
        "iso_3166_1_alpha2": "PT",
        "iso_3166_1_alpha3": "PRT",
        "calling_code": "351",
        "currency": "EUR",
        "emoji": "🇵🇹",
        "ar_name": "البرتغال"
    },
    {
        "name": "Palau",
        "official_name": "Republic of Palau",
        "native_name": "Palau",
        "native_official_name": "Republic of Palau",
        "iso_3166_1_alpha2": "PW",
        "iso_3166_1_alpha3": "PLW",
        "calling_code": "680",
        "currency": "USD",
        "emoji": "🇵🇼",
        "ar_name": "بالاو"
    },
    {
        "name": "Paraguay",
        "official_name": "Republic of Paraguay",
        "native_name": "Paraguái",
        "native_official_name": "Tetã Paraguái",
        "iso_3166_1_alpha2": "PY",
        "iso_3166_1_alpha3": "PRY",
        "calling_code": "595",
        "currency": "PYG",
        "emoji": "🇵🇾",
        "ar_name": "باراغواي"
    },
    {
        "name": "Qatar",
        "official_name": "State of Qatar",
        "native_name": "قطر",
        "native_official_name": "دولة قطر",
        "iso_3166_1_alpha2": "QA",
        "iso_3166_1_alpha3": "QAT",
        "calling_code": "974",
        "currency": "QAR",
        "emoji": "🇶🇦",
        "ar_name": "قطر"
    },
    {
        "name": "Réunion",
        "official_name": "Réunion Island",
        "native_name": "La Réunion",
        "native_official_name": "Ile de la Réunion",
        "iso_3166_1_alpha2": "RE",
        "iso_3166_1_alpha3": "REU",
        "calling_code": "262",
        "currency": "EUR",
        "emoji": "🇷🇪",
        "ar_name": "روينيون"
    },
    {
        "name": "Romania",
        "official_name": "Romania",
        "native_name": "România",
        "native_official_name": "România",
        "iso_3166_1_alpha2": "RO",
        "iso_3166_1_alpha3": "ROU",
        "calling_code": "40",
        "currency": "RON",
        "emoji": "🇷🇴",
        "ar_name": "رومانيا"
    },
    {
        "name": "Serbia",
        "official_name": "Republic of Serbia",
        "native_name": "Србија",
        "native_official_name": "Република Србија",
        "iso_3166_1_alpha2": "RS",
        "iso_3166_1_alpha3": "SRB",
        "calling_code": "381",
        "currency": "RSD",
        "emoji": "🇷🇸",
        "ar_name": "صربيا"
    },
    {
        "name": "Russia",
        "official_name": "Russian Federation",
        "native_name": "Россия",
        "native_official_name": "Российская Федерация",
        "iso_3166_1_alpha2": "RU",
        "iso_3166_1_alpha3": "RUS",
        "calling_code": "7",
        "currency": "RUB",
        "emoji": "🇷🇺",
        "ar_name": "روسيا"
    },
    {
        "name": "Rwanda",
        "official_name": "Republic of Rwanda",
        "native_name": "Rwanda",
        "native_official_name": "Republic of Rwanda",
        "iso_3166_1_alpha2": "RW",
        "iso_3166_1_alpha3": "RWA",
        "calling_code": "250",
        "currency": "RWF",
        "emoji": "🇷🇼",
        "ar_name": "رواندا"
    },
    {
        "name": "Saudi Arabia",
        "official_name": "Kingdom of Saudi Arabia",
        "native_name": "العربية السعودية",
        "native_official_name": "المملكة العربية السعودية",
        "iso_3166_1_alpha2": "SA",
        "iso_3166_1_alpha3": "SAU",
        "calling_code": "966",
        "currency": "SAR",
        "emoji": "🇸🇦",
        "ar_name": "المملكة العربية السعودية"
    },
    {
        "name": "Solomon Islands",
        "official_name": "Solomon Islands",
        "native_name": "Solomon Islands",
        "native_official_name": "Solomon Islands",
        "iso_3166_1_alpha2": "SB",
        "iso_3166_1_alpha3": "SLB",
        "calling_code": "677",
        "currency": "SBD",
        "emoji": "🇸🇧",
        "ar_name": "جزر سليمان"
    },
    {
        "name": "Seychelles",
        "official_name": "Republic of Seychelles",
        "native_name": "Sesel",
        "native_official_name": "Repiblik Sesel",
        "iso_3166_1_alpha2": "SC",
        "iso_3166_1_alpha3": "SYC",
        "calling_code": "248",
        "currency": "SCR",
        "emoji": "🇸🇨",
        "ar_name": "سيشل"
    },
    {
        "name": "Sudan",
        "official_name": "Republic of the Sudan",
        "native_name": "السودان",
        "native_official_name": "جمهورية السودان",
        "iso_3166_1_alpha2": "SD",
        "iso_3166_1_alpha3": "SDN",
        "calling_code": "249",
        "currency": "SDG",
        "emoji": "🇸🇩",
        "ar_name": "السودان"
    },
    {
        "name": "Sweden",
        "official_name": "Kingdom of Sweden",
        "native_name": "Sverige",
        "native_official_name": "Konungariket Sverige",
        "iso_3166_1_alpha2": "SE",
        "iso_3166_1_alpha3": "SWE",
        "calling_code": "46",
        "currency": "SEK",
        "emoji": "🇸🇪",
        "ar_name": "السويد"
    },
    {
        "name": "Singapore",
        "official_name": "Republic of Singapore",
        "native_name": "新加坡",
        "native_official_name": "新加坡共和国",
        "iso_3166_1_alpha2": "SG",
        "iso_3166_1_alpha3": "SGP",
        "calling_code": "65",
        "currency": "SGD",
        "emoji": "🇸🇬",
        "ar_name": "سنغافورة"
    },
    {
        "name": "Saint Helena",
        "official_name": "Saint Helena, Ascension and Tristan da Cunha",
        "native_name": "Saint Helena",
        "native_official_name": "Saint Helena",
        "iso_3166_1_alpha2": "SH",
        "iso_3166_1_alpha3": "SHN",
        "calling_code": "290",
        "currency": "SHP",
        "emoji": "🇸🇭",
        "ar_name": "سانت هيلنا"
    },
    {
        "name": "Slovenia",
        "official_name": "Republic of Slovenia",
        "native_name": "Slovenija",
        "native_official_name": "Republika Slovenija",
        "iso_3166_1_alpha2": "SI",
        "iso_3166_1_alpha3": "SVN",
        "calling_code": "386",
        "currency": "EUR",
        "emoji": "🇸🇮",
        "ar_name": "سلوفينيا"
    },
    {
        "name": "Svalbard and Jan Mayen",
        "official_name": "Svalbard og Jan Mayen",
        "native_name": "Svalbard og Jan Mayen",
        "native_official_name": "Svalbard og Jan Mayen",
        "iso_3166_1_alpha2": "SJ",
        "iso_3166_1_alpha3": "SJM",
        "calling_code": "4779",
        "currency": "NOK",
        "emoji": "🇸🇯",
        "ar_name": "سفالبارد وجان مايان"
    },
    {
        "name": "Slovakia",
        "official_name": "Slovak Republic",
        "native_name": "Slovensko",
        "native_official_name": "Slovenská republika",
        "iso_3166_1_alpha2": "SK",
        "iso_3166_1_alpha3": "SVK",
        "calling_code": "421",
        "currency": "EUR",
        "emoji": "🇸🇰",
        "ar_name": "سلوفاكيا"
    },
    {
        "name": "Sierra Leone",
        "official_name": "Republic of Sierra Leone",
        "native_name": "Sierra Leone",
        "native_official_name": "Republic of Sierra Leone",
        "iso_3166_1_alpha2": "SL",
        "iso_3166_1_alpha3": "SLE",
        "calling_code": "232",
        "currency": "SLL",
        "emoji": "🇸🇱",
        "ar_name": "سيراليون"
    },
    {
        "name": "San Marino",
        "official_name": "Most Serene Republic of San Marino",
        "native_name": "San Marino",
        "native_official_name": "Serenissima Repubblica di San Marino",
        "iso_3166_1_alpha2": "SM",
        "iso_3166_1_alpha3": "SMR",
        "calling_code": "378",
        "currency": "EUR",
        "emoji": "🇸🇲",
        "ar_name": "سان مارينو"
    },
    {
        "name": "Senegal",
        "official_name": "Republic of Senegal",
        "native_name": "Sénégal",
        "native_official_name": "République du Sénégal",
        "iso_3166_1_alpha2": "SN",
        "iso_3166_1_alpha3": "SEN",
        "calling_code": "221",
        "currency": "XOF",
        "emoji": "🇸🇳",
        "ar_name": "السنغال"
    },
    {
        "name": "Somalia",
        "official_name": "Federal Republic of Somalia",
        "native_name": "الصومال‎‎",
        "native_official_name": "جمهورية الصومال‎‎",
        "iso_3166_1_alpha2": "SO",
        "iso_3166_1_alpha3": "SOM",
        "calling_code": "252",
        "currency": "SOS",
        "emoji": "🇸🇴",
        "ar_name": "الصومال"
    },
    {
        "name": "Suriname",
        "official_name": "Republic of Suriname",
        "native_name": "Suriname",
        "native_official_name": "Republiek Suriname",
        "iso_3166_1_alpha2": "SR",
        "iso_3166_1_alpha3": "SUR",
        "calling_code": "597",
        "currency": "SRD",
        "emoji": "🇸🇷",
        "ar_name": "سورينام"
    },
    {
        "name": "South Sudan",
        "official_name": "Republic of South Sudan",
        "native_name": "South Sudan",
        "native_official_name": "Republic of South Sudan",
        "iso_3166_1_alpha2": "SS",
        "iso_3166_1_alpha3": "SSD",
        "calling_code": "211",
        "currency": "SSP",
        "emoji": "🇸🇸",
        "ar_name": "South Sudan"
    },
    {
        "name": "São Tomé and Príncipe",
        "official_name": "Democratic Republic of São Tomé and Príncipe",
        "native_name": "São Tomé e Príncipe",
        "native_official_name": "República Democrática do São Tomé e Príncipe",
        "iso_3166_1_alpha2": "ST",
        "iso_3166_1_alpha3": "STP",
        "calling_code": "239",
        "currency": "STD",
        "emoji": "🇸🇹",
        "ar_name": "ساو تومي وبرينسيبي"
    },
    {
        "name": "El Salvador",
        "official_name": "Republic of El Salvador",
        "native_name": "El Salvador",
        "native_official_name": "República de El Salvador",
        "iso_3166_1_alpha2": "SV",
        "iso_3166_1_alpha3": "SLV",
        "calling_code": "503",
        "currency": "SVC",
        "emoji": "🇸🇻",
        "ar_name": "السلفادور"
    },
    {
        "name": "Sint Maarten",
        "official_name": "Sint Maarten",
        "native_name": "Sint Maarten",
        "native_official_name": "Sint Maarten",
        "iso_3166_1_alpha2": "SX",
        "iso_3166_1_alpha3": "SXM",
        "calling_code": "1721",
        "currency": "ANG",
        "emoji": "🇸🇽",
        "ar_name": "Sint Maarten"
    },
    {
        "name": "Syria",
        "official_name": "Syrian Arab Republic",
        "native_name": "سوريا",
        "native_official_name": "الجمهورية العربية السورية",
        "iso_3166_1_alpha2": "SY",
        "iso_3166_1_alpha3": "SYR",
        "calling_code": "963",
        "currency": "SYP",
        "emoji": "🇸🇾",
        "ar_name": "سوريا"
    },
    {
        "name": "Swaziland",
        "official_name": "Kingdom of Swaziland",
        "native_name": "Swaziland",
        "native_official_name": "Kingdom of Swaziland",
        "iso_3166_1_alpha2": "SZ",
        "iso_3166_1_alpha3": "SWZ",
        "calling_code": "268",
        "currency": "SZL",
        "emoji": "🇸🇿",
        "ar_name": "سوازيلاند"
    },
    {
        "name": "Turks and Caicos Islands",
        "official_name": "Turks and Caicos Islands",
        "native_name": "Turks and Caicos Islands",
        "native_official_name": "Turks and Caicos Islands",
        "iso_3166_1_alpha2": "TC",
        "iso_3166_1_alpha3": "TCA",
        "calling_code": "1649",
        "currency": "USD",
        "emoji": "🇹🇨",
        "ar_name": "جزر الترك وجايكوس"
    },
    {
        "name": "Chad",
        "official_name": "Republic of Chad",
        "native_name": "تشاد‎",
        "native_official_name": "جمهورية تشاد",
        "iso_3166_1_alpha2": "TD",
        "iso_3166_1_alpha3": "TCD",
        "calling_code": "235",
        "currency": "XAF",
        "emoji": "🇹🇩",
        "ar_name": "تشاد"
    },
    {
        "name": "French Southern and Antarctic Lands",
        "official_name": "Territory of the French Southern and Antarctic Lands",
        "native_name": "Terres australes et antarctiques françaises",
        "native_official_name": "Territoire des Terres australes et antarctiques françaises",
        "iso_3166_1_alpha2": "TF",
        "iso_3166_1_alpha3": "ATF",
        "calling_code": false,
        "currency": "EUR",
        "emoji": "🇹🇫",
        "ar_name": "المقاطعات الجنوبية الفرنسية"
    },
    {
        "name": "Togo",
        "official_name": "Togolese Republic",
        "native_name": "Togo",
        "native_official_name": "République togolaise",
        "iso_3166_1_alpha2": "TG",
        "iso_3166_1_alpha3": "TGO",
        "calling_code": "228",
        "currency": "XOF",
        "emoji": "🇹🇬",
        "ar_name": "توجو"
    },
    {
        "name": "Thailand",
        "official_name": "Kingdom of Thailand",
        "native_name": "ประเทศไทย",
        "native_official_name": "ราชอาณาจักรไทย",
        "iso_3166_1_alpha2": "TH",
        "iso_3166_1_alpha3": "THA",
        "calling_code": "66",
        "currency": "THB",
        "emoji": "🇹🇭",
        "ar_name": "تايلند"
    },
    {
        "name": "Tajikistan",
        "official_name": "Republic of Tajikistan",
        "native_name": "Таджикистан",
        "native_official_name": "Республика Таджикистан",
        "iso_3166_1_alpha2": "TJ",
        "iso_3166_1_alpha3": "TJK",
        "calling_code": "992",
        "currency": "TJS",
        "emoji": "🇹🇯",
        "ar_name": "طاجكستان"
    },
    {
        "name": "Tokelau",
        "official_name": "Tokelau",
        "native_name": "Tokelau",
        "native_official_name": "Tokelau",
        "iso_3166_1_alpha2": "TK",
        "iso_3166_1_alpha3": "TKL",
        "calling_code": "690",
        "currency": "NZD",
        "emoji": "🇹🇰",
        "ar_name": "توكيلو"
    },
    {
        "name": "Timor-Leste",
        "official_name": "Democratic Republic of Timor-Leste",
        "native_name": "Timor-Leste",
        "native_official_name": "República Democrática de Timor-Leste",
        "iso_3166_1_alpha2": "TL",
        "iso_3166_1_alpha3": "TLS",
        "calling_code": "670",
        "currency": "USD",
        "emoji": "🇹🇱",
        "ar_name": "Timor-Leste"
    },
    {
        "name": "Turkmenistan",
        "official_name": "Turkmenistan",
        "native_name": "Туркмения",
        "native_official_name": "Туркменистан",
        "iso_3166_1_alpha2": "TM",
        "iso_3166_1_alpha3": "TKM",
        "calling_code": "993",
        "currency": "TMT",
        "emoji": "🇹🇲",
        "ar_name": "تركمانستان"
    },
    {
        "name": "Tunisia",
        "official_name": "Tunisian Republic",
        "native_name": "تونس",
        "native_official_name": "الجمهورية التونسية",
        "iso_3166_1_alpha2": "TN",
        "iso_3166_1_alpha3": "TUN",
        "calling_code": "216",
        "currency": "TND",
        "emoji": "🇹🇳",
        "ar_name": "تونس"
    },
    {
        "name": "Tonga",
        "official_name": "Kingdom of Tonga",
        "native_name": "Tonga",
        "native_official_name": "Kingdom of Tonga",
        "iso_3166_1_alpha2": "TO",
        "iso_3166_1_alpha3": "TON",
        "calling_code": "676",
        "currency": "TOP",
        "emoji": "🇹🇴",
        "ar_name": "تونغا"
    },
    {
        "name": "Turkey",
        "official_name": "Republic of Turkey",
        "native_name": "Türkiye",
        "native_official_name": "Türkiye Cumhuriyeti",
        "iso_3166_1_alpha2": "TR",
        "iso_3166_1_alpha3": "TUR",
        "calling_code": "90",
        "currency": "TRY",
        "emoji": "🇹🇷",
        "ar_name": "تركيا"
    },
    {
        "name": "Trinidad and Tobago",
        "official_name": "Republic of Trinidad and Tobago",
        "native_name": "Trinidad and Tobago",
        "native_official_name": "Republic of Trinidad and Tobago",
        "iso_3166_1_alpha2": "TT",
        "iso_3166_1_alpha3": "TTO",
        "calling_code": "1868",
        "currency": "TTD",
        "emoji": "🇹🇹",
        "ar_name": "ترينيداد وتوباغو"
    },
    {
        "name": "Tuvalu",
        "official_name": "Tuvalu",
        "native_name": "Tuvalu",
        "native_official_name": "Tuvalu",
        "iso_3166_1_alpha2": "TV",
        "iso_3166_1_alpha3": "TUV",
        "calling_code": "688",
        "currency": "AUD",
        "emoji": "🇹🇻",
        "ar_name": "توفالو"
    },
    {
        "name": "Taiwan",
        "official_name": "Republic of China (Taiwan)",
        "native_name": "臺灣",
        "native_official_name": "中华民国",
        "iso_3166_1_alpha2": "TW",
        "iso_3166_1_alpha3": "TWN",
        "calling_code": "886",
        "currency": "TWD",
        "emoji": "🇹🇼",
        "ar_name": "تايوان"
    },
    {
        "name": "Tanzania",
        "official_name": "United Republic of Tanzania",
        "native_name": "Tanzania",
        "native_official_name": "United Republic of Tanzania",
        "iso_3166_1_alpha2": "TZ",
        "iso_3166_1_alpha3": "TZA",
        "calling_code": "255",
        "currency": "TZS",
        "emoji": "🇹🇿",
        "ar_name": "تانزانيا"
    },
    {
        "name": "Ukraine",
        "official_name": "Ukraine",
        "native_name": "Україна",
        "native_official_name": "Україна",
        "iso_3166_1_alpha2": "UA",
        "iso_3166_1_alpha3": "UKR",
        "calling_code": "380",
        "currency": "UAH",
        "emoji": "🇺🇦",
        "ar_name": "أوكرانيا"
    },
    {
        "name": "Uganda",
        "official_name": "Republic of Uganda",
        "native_name": "Uganda",
        "native_official_name": "Republic of Uganda",
        "iso_3166_1_alpha2": "UG",
        "iso_3166_1_alpha3": "UGA",
        "calling_code": "256",
        "currency": "UGX",
        "emoji": "🇺🇬",
        "ar_name": "أوغندا"
    },
    {
        "name": "United States Minor Outlying Islands",
        "official_name": "United States Minor Outlying Islands",
        "native_name": "United States Minor Outlying Islands",
        "native_official_name": "United States Minor Outlying Islands",
        "iso_3166_1_alpha2": "UM",
        "iso_3166_1_alpha3": "UMI",
        "calling_code": false,
        "currency": "USD",
        "emoji": "🇺🇲",
        "ar_name": "جزر الولايات المتحدة البعيدة الصغيرة"
    },
    {
        "name": "United States",
        "official_name": "United States of America",
        "native_name": "United States",
        "native_official_name": "United States of America",
        "iso_3166_1_alpha2": "US",
        "iso_3166_1_alpha3": "USA",
        "calling_code": "1",
        "currency": "USD",
        "emoji": "🇺🇸",
        "ar_name": "الولايات المتحدة"
    },
    {
        "name": "Uruguay",
        "official_name": "Oriental Republic of Uruguay",
        "native_name": "Uruguay",
        "native_official_name": "República Oriental del Uruguay",
        "iso_3166_1_alpha2": "UY",
        "iso_3166_1_alpha3": "URY",
        "calling_code": "598",
        "currency": "UYU",
        "emoji": "🇺🇾",
        "ar_name": "أورغواي"
    },
    {
        "name": "Uzbekistan",
        "official_name": "Republic of Uzbekistan",
        "native_name": "Узбекистан",
        "native_official_name": "Республика Узбекистан",
        "iso_3166_1_alpha2": "UZ",
        "iso_3166_1_alpha3": "UZB",
        "calling_code": "998",
        "currency": "UZS",
        "emoji": "🇺🇿",
        "ar_name": "أوزبكستان"
    },
    {
        "name": "Vatican City",
        "official_name": "Vatican City State",
        "native_name": "Vaticano",
        "native_official_name": "Stato della Città del Vaticano",
        "iso_3166_1_alpha2": "VA",
        "iso_3166_1_alpha3": "VAT",
        "calling_code": "3906698",
        "currency": "EUR",
        "emoji": "🇻🇦",
        "ar_name": "الفاتيكان"
    },
    {
        "name": "Saint Vincent and the Grenadines",
        "official_name": "Saint Vincent and the Grenadines",
        "native_name": "Saint Vincent and the Grenadines",
        "native_official_name": "Saint Vincent and the Grenadines",
        "iso_3166_1_alpha2": "VC",
        "iso_3166_1_alpha3": "VCT",
        "calling_code": "1784",
        "currency": "XCD",
        "emoji": "🇻🇨",
        "ar_name": "سانت فنسنت وغرنادين"
    },
    {
        "name": "Venezuela",
        "official_name": "Bolivarian Republic of Venezuela",
        "native_name": "Venezuela",
        "native_official_name": "República Bolivariana de Venezuela",
        "iso_3166_1_alpha2": "VE",
        "iso_3166_1_alpha3": "VEN",
        "calling_code": "58",
        "currency": "VES",
        "emoji": "🇻🇪",
        "ar_name": "فنزويلا"
    },
    {
        "name": "British Virgin Islands",
        "official_name": "Virgin Islands",
        "native_name": "British Virgin Islands",
        "native_official_name": "Virgin Islands",
        "iso_3166_1_alpha2": "VG",
        "iso_3166_1_alpha3": "VGB",
        "calling_code": "1284",
        "currency": "USD",
        "emoji": "🇻🇬",
        "ar_name": "جزر فرجين البريطانية"
    },
    {
        "name": "United States Virgin Islands",
        "official_name": "Virgin Islands of the United States",
        "native_name": "United States Virgin Islands",
        "native_official_name": "Virgin Islands of the United States",
        "iso_3166_1_alpha2": "VI",
        "iso_3166_1_alpha3": "VIR",
        "calling_code": "1340",
        "currency": "USD",
        "emoji": "🇻🇮",
        "ar_name": "جزر فرجين الأمريكية"
    },
    {
        "name": "Vietnam",
        "official_name": "Socialist Republic of Vietnam",
        "native_name": "Việt Nam",
        "native_official_name": "Cộng hòa xã hội chủ nghĩa Việt Nam",
        "iso_3166_1_alpha2": "VN",
        "iso_3166_1_alpha3": "VNM",
        "calling_code": "84",
        "currency": "VND",
        "emoji": "🇻🇳",
        "ar_name": "فيتنام"
    },
    {
        "name": "Vanuatu",
        "official_name": "Republic of Vanuatu",
        "native_name": "Vanuatu",
        "native_official_name": "Ripablik blong Vanuatu",
        "iso_3166_1_alpha2": "VU",
        "iso_3166_1_alpha3": "VUT",
        "calling_code": "678",
        "currency": "VUV",
        "emoji": "🇻🇺",
        "ar_name": "فانواتو"
    },
    {
        "name": "Wallis and Futuna",
        "official_name": "Territory of the Wallis and Futuna Islands",
        "native_name": "Wallis et Futuna",
        "native_official_name": "Territoire des îles Wallis et Futuna",
        "iso_3166_1_alpha2": "WF",
        "iso_3166_1_alpha3": "WLF",
        "calling_code": "681",
        "currency": "XPF",
        "emoji": "🇼🇫",
        "ar_name": "جزر والس وفوتونا"
    },
    {
        "name": "Samoa",
        "official_name": "Independent State of Samoa",
        "native_name": "Samoa",
        "native_official_name": "Independent State of Samoa",
        "iso_3166_1_alpha2": "WS",
        "iso_3166_1_alpha3": "WSM",
        "calling_code": "685",
        "currency": "WST",
        "emoji": "🇼🇸",
        "ar_name": "ساموا"
    },
    {
        "name": "Kosovo",
        "official_name": "Republic of Kosovo",
        "native_name": "Kosova",
        "native_official_name": "Republika e Kosovës",
        "iso_3166_1_alpha2": "XK",
        "iso_3166_1_alpha3": "UNK",
        "calling_code": "383",
        "currency": "EUR",
        "emoji": "🇽🇰",
        "ar_name": "Kosovo"
    },
    {
        "name": "Yemen",
        "official_name": "Republic of Yemen",
        "native_name": "اليَمَن",
        "native_official_name": "الجمهورية اليمنية",
        "iso_3166_1_alpha2": "YE",
        "iso_3166_1_alpha3": "YEM",
        "calling_code": "967",
        "currency": "YER",
        "emoji": "🇾🇪",
        "ar_name": "ليمن"
    },
    {
        "name": "Mayotte",
        "official_name": "Department of Mayotte",
        "native_name": "Mayotte",
        "native_official_name": "Département de Mayotte",
        "iso_3166_1_alpha2": "YT",
        "iso_3166_1_alpha3": "MYT",
        "calling_code": "262",
        "currency": "EUR",
        "emoji": "🇾🇹",
        "ar_name": "Mayotte"
    },
    {
        "name": "South Africa",
        "official_name": "Republic of South Africa",
        "native_name": "South Africa",
        "native_official_name": "Republiek van Suid-Afrika",
        "iso_3166_1_alpha2": "ZA",
        "iso_3166_1_alpha3": "ZAF",
        "calling_code": "27",
        "currency": "ZAR",
        "emoji": "🇿🇦",
        "ar_name": "جنوب أفريقيا"
    },
    {
        "name": "Zambia",
        "official_name": "Republic of Zambia",
        "native_name": "Zambia",
        "native_official_name": "Republic of Zambia",
        "iso_3166_1_alpha2": "ZM",
        "iso_3166_1_alpha3": "ZMB",
        "calling_code": "260",
        "currency": "ZMW",
        "emoji": "🇿🇲",
        "ar_name": "زامبيا"
    },
    {
        "name": "Zimbabwe",
        "official_name": "Republic of Zimbabwe",
        "native_name": "Zimbabwe",
        "native_official_name": "Republic of Zimbabwe",
        "iso_3166_1_alpha2": "ZW",
        "iso_3166_1_alpha3": "ZWE",
        "calling_code": "263",
        "currency": "ZWL",
        "emoji": "🇿🇼",
        "ar_name": "زيمبابوي"
    }
]
